---users
INSERT INTO `User_Profile` (`user_id`, `full_name`, `content`, `dateOfBirth`, `gender`, `status`, `imageURL`, `createdAt`, `updatedAt`) VALUES ('1G76t8QqhaY8JH2UDJLsDuF5j362', 'Lord Reigns', 'Here to overcome my anxiety disorder. Advice is much appreciated', '2000-03-04', 'male', 'active', 'gs://dev-hackathon-11f94.appspot.com/4015-1609886721910.jpeg', '2021-01-08 21:30:56', '2021-01-08 21:30:56');
INSERT INTO `User_Profile` (`user_id`, `full_name`, `content`, `dateOfBirth`, `gender`, `status`, `imageURL`, `createdAt`, `updatedAt`) VALUES ('35j8EqsplqcVH7rLGVOwue3vY5F2', 'Elon Musk', 'My startup went into bankruptcy a month ago. Seeking advice to start again, fresh.', '1991-01-05 21:35:38', 'male', 'active', 'gs://dev-hackathon-11f94.appspot.com/4571-1609886166380.jpeg', '2021-01-08 21:35:38', '2021-01-08 21:35:38');
INSERT INTO `User_Profile` (`user_id`, `full_name`, `content`, `dateOfBirth`, `gender`, `status`, `imageURL`, `createdAt`, `updatedAt`) VALUES ('X3eCW1B76BQOTGPfWz5Tc6NDRYG2', 'EShawn Liam', 'Just graduated from the university with a B.A. Unemployed and finding carrier opportunities', '2021-01-08 22:42:02', 'male', 'active', NULL, '2021-01-08 22:42:02', '2021-01-08 22:42:02');
INSERT INTO `User_Profile` (`user_id`, `full_name`, `content`, `dateOfBirth`, `gender`, `status`, `imageURL`, `createdAt`, `updatedAt`) VALUES ('YP4wFOEUQnQdTzeOxKoiGjolhO92', 'Jeff bezos', '55 years old and finding a way to reduce body weight. Diet/workout plans are appreciated', '2021-01-08 22:44:03', 'male', 'active', NULL, '2021-01-08 22:44:03', '2021-01-08 22:44:03');
INSERT INTO `User_Profile` (`user_id`, `full_name`, `content`, `dateOfBirth`, `gender`, `status`, `imageURL`, `createdAt`, `updatedAt`) VALUES ('Nm3uVbE57SXm82jORRixNB3m6VS2', 'Ricky Ponting', 'Always getting hacked', '2021-01-08 22:45:14', 'female', 'active', NULL, '2021-01-08 22:45:14', '2021-01-08 22:45:14');
INSERT INTO `User_Profile` (`user_id`, `full_name`, `content`, `dateOfBirth`, `gender`, `status`, `imageURL`, `createdAt`, `updatedAt`) VALUES ('1pzUfXW7O5bMVfeVwQEPh31CCRF2', 'Sam Singh', NULL, '2021-01-06 23:56:59', 'male', 'active', NULL, '2021-01-08 23:56:59', '2021-01-08 23:56:59');



---services
INSERT INTO `service` (`id`, `name`, `description`, `createdAt`, `updatedAt`) VALUES ('1', 'Mental Health', NULL, '2021-01-08 21:54:18', '2021-01-08 21:54:18');
INSERT INTO `service` (`id`, `name`, `description`, `createdAt`, `updatedAt`) VALUES ('2', 'Financial Guidance', NULL, '2021-01-08 21:55:09', '2021-01-08 21:55:09');
INSERT INTO `service` (`id`, `name`, `description`, `createdAt`, `updatedAt`) VALUES ('3', 'Carrier Guidance', NULL, '2021-01-08 21:55:49', '2021-01-08 21:55:49');
INSERT INTO `service` (`id`, `name`, `description`, `createdAt`, `updatedAt`) VALUES ('4', 'Health And Fitness ', NULL, '2021-01-08 21:56:16', '2021-01-08 21:56:16');
INSERT INTO `service` (`id`, `name`, `description`, `createdAt`, `updatedAt`) VALUES ('5', 'IT Consultation', NULL, '2021-01-08 21:56:50', '2021-01-08 21:56:50');
INSERT INTO `service` (`id`, `name`, `description`, `createdAt`, `updatedAt`) VALUES ('6', 'Human Resources Consultation', NULL, '2021-01-08 22:00:25', '2021-01-08 22:00:25');

---advisor
INSERT INTO `advisor_profile` (`user_id`, `full_name`, `status`, `rating`, `imageURL`, `createdAt`, `updatedAt`) VALUES ('CQGgrsIbAweqrUErjmXpS8WgxU62', 'Jim Parker', 'active', '0', 'gs://dev-hackathon-11f94.appspot.com/9145-1609886498543.jpeg', '2021-01-08 22:04:03', '2021-01-08 22:04:03');
INSERT INTO `advisor_profile` (`user_id`, `full_name`, `status`, `rating`, `imageURL`, `createdAt`, `updatedAt`) VALUES ('77rVQHYHc2MHKtzLzDSIg8BAJJr1', 'Jane Smith', 'active', '0', 'gs://dev-hackathon-11f94.appspot.com/9145-1609886498543.jpeg', '2021-01-08 22:05:19', '2021-01-08 22:05:19');
INSERT INTO `advisor_profile` (`user_id`, `full_name`, `status`, `rating`, `imageURL`, `createdAt`, `updatedAt`) VALUES ('CMyJi6mMH6hMkJ0xKKTp0qsB6uC3', 'Guyson Smith', 'active', '0', 'gs://dev-hackathon-11f94.appspot.com/9145-1609886498543.jpeg', '2021-01-08 22:11:21', '2021-01-08 22:11:21');
INSERT INTO `advisor_profile` (`user_id`, `full_name`, `status`, `rating`, `imageURL`, `createdAt`, `updatedAt`) VALUES ('DWBrcsBQhCVl2dbF9PKfxPytkBW2', 'Leo Singh', 'active', '0', 'gs://dev-hackathon-11f94.appspot.com/9145-1609886498543.jpeg', '2021-01-08 22:12:34', '2021-01-08 22:12:34');
INSERT INTO `advisor_profile` (`user_id`, `full_name`, `status`, `rating`, `imageURL`, `createdAt`, `updatedAt`) VALUES ('GDIzMTU9l0cWc1Ko5hacpXpHaxJ2', 'Leo Messi', 'active', '0', 'gs://dev-hackathon-11f94.appspot.com/9145-1609886498543.jpeg', '2021-01-08 22:14:18', '2021-01-08 22:14:18');
INSERT INTO `advisor_profile` (`user_id`, `full_name`, `status`, `rating`, `imageURL`, `createdAt`, `updatedAt`) VALUES ('MtiBMS4ARJWGe9i3JzWbXKyX9Sh2', 'Crisitiano Ronaldo', 'active', '0', 'gs://dev-hackathon-11f94.appspot.com/9145-1609886498543.jpeg', '2021-01-08 22:15:24', '2021-01-08 22:15:24');
INSERT INTO `advisor_profile` (`user_id`, `full_name`, `status`, `rating`, `imageURL`, `createdAt`, `updatedAt`) VALUES ('Tnejof90iLcH1h6gYSv94S0vvZ03', 'Jack Ma', 'active', '0', 'gs://dev-hackathon-11f94.appspot.com/9145-1609886498543.jpeg', '2021-01-08 22:21:43', '2021-01-08 22:21:43');
INSERT INTO `advisor_profile` (`user_id`, `full_name`, `status`, `rating`, `imageURL`, `createdAt`, `updatedAt`) VALUES ('UbER9aKleMP3rdTvB9qiF1jIlOy2', 'Lebron James', 'active', '0', 'gs://dev-hackathon-11f94.appspot.com/9145-1609886498543.jpeg', '2021-01-08 22:25:40', '2021-01-08 22:25:40');

---advisor Service
INSERT INTO `advisor_Service` (`id`, `user_id`, `createdAt`, `updatedAt`) VALUES ('1', '77rVQHYHc2MHKtzLzDSIg8BAJJr1', '2021-01-08 22:27:36', '2021-01-08 22:27:36');
INSERT INTO `advisor_Service` (`id`, `user_id`, `createdAt`, `updatedAt`) VALUES ('2', 'CMyJi6mMH6hMkJ0xKKTp0qsB6uC3', '2021-01-08 22:28:07', '2021-01-08 22:28:07');
INSERT INTO `advisor_Service` (`id`, `user_id`, `createdAt`, `updatedAt`) VALUES ('3', 'CQGgrsIbAweqrUErjmXpS8WgxU62', '2021-01-08 22:28:26', '2021-01-08 22:28:26');
INSERT INTO `advisor_Service` (`id`, `user_id`, `createdAt`, `updatedAt`) VALUES ('4', 'DWBrcsBQhCVl2dbF9PKfxPytkBW2', '2021-01-08 22:28:49', '2021-01-08 22:28:49');
INSERT INTO `advisor_Service` (`id`, `user_id`, `createdAt`, `updatedAt`) VALUES ('5', 'GDIzMTU9l0cWc1Ko5hacpXpHaxJ2', '2021-01-08 22:29:10', '2021-01-08 22:29:10');
INSERT INTO `advisor_Service` (`id`, `user_id`, `createdAt`, `updatedAt`) VALUES ('6', 'MtiBMS4ARJWGe9i3JzWbXKyX9Sh2', '2021-01-08 22:29:42', '2021-01-08 22:29:42');
INSERT INTO `advisor_Service` (`id`, `user_id`, `createdAt`, `updatedAt`) VALUES ('1', 'Tnejof90iLcH1h6gYSv94S0vvZ03', '2021-01-08 22:30:15', '2021-01-08 22:30:15');
INSERT INTO `advisor_Service` (`id`, `user_id`, `createdAt`, `updatedAt`) VALUES ('1', 'UbER9aKleMP3rdTvB9qiF1jIlOy2', '2021-01-08 22:30:44', '2021-01-08 22:30:44');

---advisor qualifications
INSERT INTO `qualification` (`id`, `qualification`, `description`, `date`, `user_id`, `createdAt`, `updatedAt`) VALUES ('1', 'Licensed psychologist 1997–Present\r\nStudied PsyD, Doctorate in Clinical Psychology\r\nGraduated 1998', NULL, '2021-01-06 23:11:25', '77rVQHYHc2MHKtzLzDSIg8BAJJr1', '2021-01-08 23:11:25', '2021-01-08 23:11:25');
INSERT INTO `qualification` (`id`, `qualification`, `description`, `date`, `user_id`, `createdAt`, `updatedAt`) VALUES ('2', 'Business Studies Teacher at Sun Valley High School\r\nMBA from National University of Singapore\r\n\r\nHead - Finance & Planning\r\nNameLanka Realty Investments PLC\r\n2018 – Present', NULL, '2021-01-08 23:19:31', 'CMyJi6mMH6hMkJ0xKKTp0qsB6uC3', '2021-01-08 23:19:31', '2021-01-08 23:19:31');
INSERT INTO `qualification` (`id`, `qualification`, `description`, `date`, `user_id`, `createdAt`, `updatedAt`) VALUES ('3', 'Lecturer. career advisor\r\nJMC, Sri lanka, iba sri lanka, kelaniya universty sri lanka\r\n2000 – Jan 2012', NULL, '2021-01-08 23:21:34', 'CQGgrsIbAweqrUErjmXpS8WgxU62', '2021-01-08 23:21:34', '2021-01-08 23:21:34');
INSERT INTO `qualification` (`id`, `qualification`, `description`, `date`, `user_id`, `createdAt`, `updatedAt`) VALUES ('4', 'Senior Nutrition Advisor at Nestlé Health Science\r\nFeb 2019 – Present', NULL, '2021-01-08 23:22:37', 'DWBrcsBQhCVl2dbF9PKfxPytkBW2', '2021-01-08 23:22:37', '2021-01-08 23:22:37');
INSERT INTO `qualification` (`id`, `qualification`, `description`, `date`, `user_id`, `createdAt`, `updatedAt`) VALUES ('5', 'Consultant - IT at Virtusa | MSc-ITSI | MCS SL | ACS SL | RHCSA | ITILv3 |Azure Administrator\r\n2018-Present', NULL, '2021-01-08 23:23:44', 'GDIzMTU9l0cWc1Ko5hacpXpHaxJ2', '2021-01-08 23:23:44', '2021-01-08 23:23:44');
INSERT INTO `qualification` (`id`, `qualification`, `description`, `date`, `user_id`, `createdAt`, `updatedAt`) VALUES ('6', 'Medical Doctor, Counselor, Researcher, Writer & Senior Lecturer at Academy of Universal Global Peace USA', NULL, '2021-01-08 23:24:25', 'UbER9aKleMP3rdTvB9qiF1jIlOy2', '2021-01-08 23:24:25', '2021-01-08 23:24:25');
INSERT INTO `qualification` (`id`, `qualification`, `description`, `date`, `user_id`, `createdAt`, `updatedAt`) VALUES ('7', 'Anxiety Treatment Specialist, Psychologist. General Hospital - Kaluthara', NULL, '2021-01-08 23:25:24', 'Tnejof90iLcH1h6gYSv94S0vvZ03', '2021-01-08 23:25:24', '2021-01-08 23:25:24');
INSERT INTO `qualification` (`id`, `qualification`, `description`, `date`, `user_id`, `createdAt`, `updatedAt`) VALUES ('8', 'Human Resources Operations\r\nHilton Colombo Internship\r\n2016– Present', NULL, '2021-01-08 23:26:12', 'MtiBMS4ARJWGe9i3JzWbXKyX9Sh2', '2021-01-08 23:26:12', '2021-01-08 23:26:12');

---post
INSERT INTO `post` (`id`, `user_id`, `body`, `uuid`, `status`, `audience`, `service`, `createdAt`, `updatedAt`) VALUES ('1', '1G76t8QqhaY8JH2UDJLsDuF5j362', 'Why do you think anxiety has increased among Gen Z and millennials, excluding technology?', '', 'active', 'public', '1', '2021-01-08 23:33:51', '2021-01-08 23:33:51');
INSERT INTO `post` (`id`, `user_id`, `body`, `uuid`, `status`, `audience`, `service`, `createdAt`, `updatedAt`) VALUES ('2', '35j8EqsplqcVH7rLGVOwue3vY5F2', 'How can I start affiliate marketing business online?', '', 'active', 'public', '2', '2021-01-08 23:41:06', '2021-01-08 23:41:06');
INSERT INTO `post` (`id`, `user_id`, `body`, `uuid`, `status`, `audience`, `service`, `createdAt`, `updatedAt`) VALUES ('3', 'X3eCW1B76BQOTGPfWz5Tc6NDRYG2', 'Is it required to be a developer/coder to become a CTO? Why can\'t an architect become a CTO?', '', 'active', 'public', '3', '2021-01-08 23:49:14', '2021-01-08 23:49:14');
INSERT INTO `post` (`id`, `user_id`, `body`, `uuid`, `status`, `audience`, `service`, `createdAt`, `updatedAt`) VALUES ('4', 'YP4wFOEUQnQdTzeOxKoiGjolhO92', 'Does cutting sugar from your diet make you healthy?', '', 'active', 'public', '4', '2021-01-08 23:53:13', '2021-01-08 23:53:13');
INSERT INTO `post` (`id`, `user_id`, `body`, `uuid`, `status`, `audience`, `service`, `createdAt`, `updatedAt`) VALUES ('5', '1pzUfXW7O5bMVfeVwQEPh31CCRF2', 'My supervisor requires daily \"check-ins\", which take at least a half hour and disrupt the flow of my work day. How can I convince her they are not necessary?', '', 'active', 'public', '6', '2021-01-08 23:58:08', '2021-01-08 23:58:08');

---Comment
INSERT INTO `comment` (`id`, `post_id`, `user_id`, `body`, `uuid`, `rating`, `createdAt`, `updatedAt`) VALUES ('1', '1', '77rVQHYHc2MHKtzLzDSIg8BAJJr1', 'There are a few reasons coming together I think. The most important of which I\'d firstly put down to a new culture where it\'s \'okay\' to feel depressed &/or anxious. In the past this wasn\'t accepted or deemed normal.', '', '3', '2021-01-09 00:02:01', '2021-01-09 00:02:01');
INSERT INTO `comment` (`id`, `post_id`, `user_id`, `body`, `uuid`, `rating`, `createdAt`, `updatedAt`) VALUES ('2', '1', 'Tnejof90iLcH1h6gYSv94S0vvZ03', 'Depression is real .There are many possible causes. It’s a combination of genetic, biological, environmental, and psychological factors.', '', '4', '2021-01-09 00:03:11', '2021-01-09 00:03:11');
INSERT INTO `comment` (`id`, `post_id`, `user_id`, `body`, `uuid`, `rating`, `createdAt`, `updatedAt`) VALUES ('3', '3', 'CQGgrsIbAweqrUErjmXpS8WgxU62', 'To answer your second point first (and quickly) - there is absolutely no reason why an architect can’t become a CTO. Indeed it is a well worn path for Software Architects to have come from a development background', '', '5', '2021-01-09 00:06:54', '2021-01-09 00:06:54');
INSERT INTO `comment` (`id`, `post_id`, `user_id`, `body`, `uuid`, `rating`, `createdAt`, `updatedAt`) VALUES ('4', '4', 'DWBrcsBQhCVl2dbF9PKfxPytkBW2', 'That all depends on what you use as an alternative to sugar after giving the awful stuff up. See, if you are eating artificial so-called \"fat or carb-free\" sugar, and eating those day in day out, perhaps even drinking diet coke or lemonade.', '', '3', '2021-01-09 00:18:49', '2021-01-09 00:18:49');
INSERT INTO `comment` (`id`, `post_id`, `user_id`, `body`, `uuid`, `rating`, `createdAt`, `updatedAt`) VALUES ('5', '5', 'MtiBMS4ARJWGe9i3JzWbXKyX9Sh2', 'I had a new boss who didn\'t know what he was doing and he didn\'t want to ask up for help. He had gotten his promotion against company policy because he knew he right people, and he had no past experience.', '', '4', '2021-01-09 00:22:14', '2021-01-09 00:22:14');


